[
    {
        "Image": "fileoutpart8.png",
        "Content": "Warning",
        "Numbered Border": "No",
        "Description": "A warning sign showing a stick figure slipping, indicating a slippery surface. Triangle-shaped with black on a white background.",
        "Tokens_used": "448"
    },
    {
        "Image": "fileoutpart9.png",
        "Content": "Warning",
        "Numbered Border": "No",
        "Description": "Three warning signs: biological hazard symbol, skull and crossbones, and exploding bomb indicating flammable or explosive material.",
        "Tokens_used": "618"
    },
    {
        "Image": "fileoutpart18.png",
        "Content": "Drawing",
        "Numbered Border": "Yes",
        "Description": "Engineering drawing of mechanical shut-off system components with labeled parts.",
        "Tokens_used": "1287"
    },
    {
        "Image": "fileoutpart19.png",
        "Content": "Drawing",
        "Numbered Border": "Yes",
        "Description": "A technical drawing of a bypass manifold assembly with a gauge, titled with a figure number.",
        "Tokens_used": "1293"
    },
    {
        "Image": "fileoutpart17.png",
        "Content": "Drawing",
        "Numbered Border": "No",
        "Description": "This is an engineering drawing depicting a mechanical part with cross-sectional views and reference labels.",
        "Tokens_used": "952"
    },
    {
        "Image": "fileoutpart16.png",
        "Content": "Drawing",
        "Numbered Border": "Yes",
        "Description": "Engineering drawing of a vent supply line system to an open container with a relief valve and annotations.",
        "Tokens_used": "1294"
    },
    {
        "Image": "fileoutpart14.png",
        "Content": "Drawing",
        "Numbered Border": "Yes",
        "Description": "Engineering assembly/disassembly illustration with numbered parts and directional arrows, labeled 'A', 'B', and 'C' for steps.",
        "Tokens_used": "1641"
    },
    {
        "Image": "fileoutpart15.png",
        "Content": "Drawing",
        "Numbered Border": "Yes",
        "Description": "An engineering drawing depicting an assembly process with labeled components and detailed views.",
        "Tokens_used": "1629"
    },
    {
        "Image": "fileoutpart12.png",
        "Content": "Drawing",
        "Numbered Border": "Yes",
        "Description": "A technical drawing of a circular mechanical part with marked holes and the word \"UP\" indicating orientation.",
        "Tokens_used": "1295"
    },
    {
        "Image": "fileoutpart13.png",
        "Content": "Drawing",
        "Numbered Border": "Yes",
        "Description": "Three engineering drawings of mechanical parts labeled Fig. 1A, Fig. 1B, and Fig. 1C, each with a part name and number.",
        "Tokens_used": "1649"
    },
    {
        "Image": "fileoutpart7.png",
        "Content": "Warning or Safety Sign",
        "Numbered Border": "No",
        "Description": "A circular prohibition sign with a pictogram of a hand touching lines, generally indicating \"Do not touch.\"",
        "Tokens_used": "449"
    },
    {
        "Image": "fileoutpart6.png",
        "Content": "Warning or Safety Signs",
        "Numbered Border": "No",
        "Description": "Four circular icons depicting safety equipment: Coveralls, gloves, a boot, and safety glasses.",
        "Tokens_used": "617"
    },
    {
        "Image": "fileoutpart4.png",
        "Content": "Logo",
        "Numbered Border": "No",
        "Description": "The image displays the word 'LINCOLN' in capital letters with a trademark symbol, all within a black rectangle.",
        "Tokens_used": "449"
    },
    {
        "Image": "fileoutpart5.png",
        "Content": "Logo",
        "Numbered Border": "No",
        "Description": "A black and white icon representing a person using a laptop, seated and facing right.",
        "Tokens_used": "442"
    },
    {
        "Image": "fileoutpart1.png",
        "Content": "Drawing",
        "Numbered Border": "No",
        "Description": "An engineering drawing of a mechanical assembly with various components, including a round plate and a cylindrical part.",
        "Tokens_used": "1635"
    },
    {
        "Image": "fileoutpart0.png",
        "Content": "Logo",
        "Numbered Border": "No",
        "Description": "The image features a bold, black acronym with a registered trademark symbol on the upper right side.",
        "Tokens_used": "444"
    }
]